ISSN,Titulo,Qualis,Tipo,Fonte,Periodo
N/A,AAAI Conference on Artificial Intelligence (AAAI),A1,conference,CAPES Sucupira 2025,2025
N/A,International Conference on Autonomous Agents and Multiagent Systems (AAMAS),A1,conference,CAPES Sucupira 2025,2025
N/A,Asian Conference on Computer Vision (ACCV),A1,conference,CAPES Sucupira 2025,2025
N/A,International Conference on Affective Computing and Intelligent Interaction (ACII),A2,conference,CAPES Sucupira 2025,2025
N/A,Australasian Conference on Information Security and Privacy (ACISP),A4,conference,CAPES Sucupira 2025,2025
N/A,Annual Meeting of the Association for Computational Linguistics (ACL),A1,conference,CAPES Sucupira 2025,2025
N/A,ACM Internacional Conference on Interaction Design and Children (ACMIDC),A2,conference,CAPES Sucupira 2025,2025
N/A,ACM International Conference on Interactive Media Experiences (ACMIMX),A3,conference,CAPES Sucupira 2025,2025
N/A,ACM International Conference on Multimedia (ACMMM),A1,conference,CAPES Sucupira 2025,2025
N/A,Applied Cryptography and Network Security (ACNS),A2,conference,CAPES Sucupira 2025,2025
N/A,IEEE International Conference on Autonomic Computing and Self-Organizing Systems (ACSOS),A4,conference,CAPES Sucupira 2025,2025
N/A,East European Conference on Advances in Databases and Information Systems (ADBIS),A3,conference,CAPES Sucupira 2025,2025
N/A,International Workshop on Advances in ICT Infrastructures and Services (ADVANCE),B4,conference,CAPES Sucupira 2025,2025
N/A,Canadian Conference on Artificial Intelligence (AI),A3,conference,CAPES Sucupira 2025,2025
N/A,ACS/IEEE International Conference on Computer Systems and Applications (AICCSA),A4,conference,CAPES Sucupira 2025,2025
N/A,International Conference on Application of Information and Communication Technologies (AICT),A4,conference,CAPES Sucupira 2025,2025
N/A,"IEEE International Conference on Artificial Intelligence, Data and Knowledge Engineering (AIDKE)",A4,conference,CAPES Sucupira 2025,2025
N/A,International Conference on Artificial Intelligence in Education (AIED),A2,conference,CAPES Sucupira 2025,2025
N/A,"AAAI/ACM Conference on AI, Ethics, and Society (AIES)",A1,conference,CAPES Sucupira 2025,2025
N/A,AAAI Conference on Artificial Intelligence and Interactive Digital Entertainment (AIIDE),A3,conference,CAPES Sucupira 2025,2025
N/A,Conference on Artificial Intelligence in Medicine (AIME),A3,conference,CAPES Sucupira 2025,2025
N/A,IEEE International Conference on Advanced Information Networking and Applications (AINA),A3,conference,CAPES Sucupira 2025,2025
N/A,International Conference on Artificial Intelligence and Statistics (AISTATS),A1,conference,CAPES Sucupira 2025,2025
N/A,ACM International Conference on AI-Powered Software (AIWARE),B3,conference,CAPES Sucupira 2025,2025
N/A,International Conference on Algorithms for Computational Biology (AlCoB),B2,conference,CAPES Sucupira 2025,2025
N/A,Joint ALIO/EURO International Conference on Applied Combinatorial Optimization (ALIO/EURO),B4,conference,CAPES Sucupira 2025,2025
N/A,Americas Conference on Information Systems (AMCIS),A2,conference,CAPES Sucupira 2025,2025
N/A,"International Conference on Ambient Systems, Networks and Technologies (ANT)",B4,conference,CAPES Sucupira 2025,2025
N/A,International Symposium on Applied Reconfigurable Computing (ARC),B1,conference,CAPES Sucupira 2025,2025
N/A,International Conference on Architecture of Computing Systems (ARCS),B3,conference,CAPES Sucupira 2025,2025
N/A,"International Conference on Availability, Reliability and Security (ARES)",A2,conference,CAPES Sucupira 2025,2025
N/A,"IEEE International Conference on Application-specific Systems, Architectures and Processors (ASAP)",A3,conference,CAPES Sucupira 2025,2025
N/A,IEEE/ACM International Conference on Automated Software Engineering (ASE),A1,conference,CAPES Sucupira 2025,2025
N/A,Annual International Conference on the Theory and Applications of Cryptology and Information Security (ASIACRYPT),A1,conference,CAPES Sucupira 2025,2025
N/A,IEEE/ACM International Conference on Advances in Social Networks Analysis and Mining (ASONAM),A2,conference,CAPES Sucupira 2025,2025
N/A,Asia and South Pacific Design Automation Conference (ASP-DAC),A1,conference,CAPES Sucupira 2025,2025
N/A,IEEE/ACM International Workshop on Automation of Software Testing (AST),B4,conference,CAPES Sucupira 2025,2025
N/A,USENIX Annual Technical Conference (ATC),A1,conference,CAPES Sucupira 2025,2025
N/A,International Workshop on Agents in Traffic and Transportation (ATT),B4,conference,CAPES Sucupira 2025,2025
N/A,Audio Mostly Conference (AUDIOMOSTLY),A4,conference,CAPES Sucupira 2025,2025
N/A,International Conference on Blockchain Computing and Applications (BCCA),B2,conference,CAPES Sucupira 2025,2025
N/A,"IEEE/ACM International Conference on Big Data Computing, Applications and Technologies (BDCAT)",B2,conference,CAPES Sucupira 2025,2025
N/A,International Conference on Big Data and Cloud Computing (BDCLOUD),B4,conference,CAPES Sucupira 2025,2025
N/A,"International Conference on Behavior, Economic and Social Computing (BESC)",B3,conference,CAPES Sucupira 2025,2025
N/A,IEEE International Conference on BioInformatics and BioEngineering (BIBE),A3,conference,CAPES Sucupira 2025,2025
N/A,IEEE International Conference on Bioinformatics and Biomedicine (BIBM),A3,conference,CAPES Sucupira 2025,2025
N/A,International Conference on Big Data and Smart Computing (BIGCOMP),A2,conference,CAPES Sucupira 2025,2025
N/A,IEEE International Conference on Big Data (BIGDATA),A1,conference,CAPES Sucupira 2025,2025
N/A,IEEE International Conference on Multimedia Big Data (BIGMM),A3,conference,CAPES Sucupira 2025,2025
N/A,International Conference on Bioinformatics & Computational Biology (BIOCOMP-WC),B4,conference,CAPES Sucupira 2025,2025
N/A,IEEE RAS & EMBS International Conference on Biomedical Robotics and Biomechatronics (BioRob),A3,conference,CAPES Sucupira 2025,2025
N/A,IEEE International Conference on Blockchain (BLOCKCHAIN),A1,conference,CAPES Sucupira 2025,2025
N/A,IEEE International Symposium on Broadband Multimedia Systems and Broadcasting (BMSB),B1,conference,CAPES Sucupira 2025,2025
N/A,International Business Modeling and Software Design Symposium (BMSD),B1,conference,CAPES Sucupira 2025,2025
N/A,British Machine Vision Conference (BMVC),A1,conference,CAPES Sucupira 2025,2025
N/A,International Conference on Business Process Management (BPM),A2,conference,CAPES Sucupira 2025,2025
N/A,Workshop on Social and Human Aspects of Business Process Management (BPMS2),B4,conference,CAPES Sucupira 2025,2025
N/A,Brazilian Conference on Intelligent Systems (BRACIS),A3,conference,CAPES Sucupira 2025,2025
N/A,Brazilian Workshop on Service Robotics (BRASERO),B4,conference,CAPES Sucupira 2025,2025
N/A,Brazilian Workshop on Social Network Analysis and Mining (BRASNAM),B1,conference,CAPES Sucupira 2025,2025
N/A,Brazilian e-Science Workshop (BRESCI),B4,conference,CAPES Sucupira 2025,2025
N/A,Brazilian Symposium on Bioinformatics (BSB),B1,conference,CAPES Sucupira 2025,2025
N/A,IEEE-EMBS International Conference on Wearable and Implantable Body Sensor Networks (BSN),A3,conference,CAPES Sucupira 2025,2025
N/A,"IEEE International Conference on Biometrics: Theory, Applications, and Systems (BTAS)",A2,conference,CAPES Sucupira 2025,2025
N/A,Brazilian Workshop on Artificial Intelligence in Finance (BWAIF),B4,conference,CAPES Sucupira 2025,2025
N/A,International Conference on Automated Deduction (CADE),A3,conference,CAPES Sucupira 2025,2025
N/A,International Conference on AI Engineering – Software Engineering for AI (CAIN),A4,conference,CAPES Sucupira 2025,2025
N/A,International Conference on Computer Analysis of Images and Patterns (CAIP),A3,conference,CAPES Sucupira 2025,2025
N/A,International Conference on Advanced Information Systems Engineering (CAISE),A2,conference,CAPES Sucupira 2025,2025
N/A,International Conference on Algorithms and Discrete Applied Mathematics (CALDAM),B2,conference,CAPES Sucupira 2025,2025
N/A,International Symposium on Computing and Networking (CANDAR),B1,conference,CAPES Sucupira 2025,2025
N/A,International Conference on Cryptology and Network Security (CANS),A4,conference,CAPES Sucupira 2025,2025
N/A,Annual International Conference on Computer Science and Software Engineering (CASCON),A3,conference,CAPES Sucupira 2025,2025
N/A,IEEE Conference on Automation Science and Engineering (CASE),A2,conference,CAPES Sucupira 2025,2025
N/A,International Conference on Computers and their Applications (CATA),B4,conference,CAPES Sucupira 2025,2025
N/A,International Conference on Computer Aided Verification (CAV),A1,conference,CAPES Sucupira 2025,2025
N/A,Congresso Brasileiro de Automática (CBA),B3,conference,CAPES Sucupira 2025,2025
N/A,IEEE Conference on Business Informatics (CBI),A3,conference,CAPES Sucupira 2025,2025
N/A,Congresso Brasileiro de Inteligência Computacional (CBIC),B4,conference,CAPES Sucupira 2025,2025
N/A,Congresso Brasileiro de Informática em Saúde (CBIS),B4,conference,CAPES Sucupira 2025,2025
N/A,International Workshop on Content-Based Multimedia Indexing (CBMI),A4,conference,CAPES Sucupira 2025,2025
N/A,International Symposium on Computer-Based Medical Systems (CBMS),A2,conference,CAPES Sucupira 2025,2025
N/A,International Conference on Compiler Construction (CC),A3,conference,CAPES Sucupira 2025,2025
N/A,IEEE Conference on Computational Complexity (CCC),A3,conference,CAPES Sucupira 2025,2025
N/A,Canadian Conference on Computational Geometry (CCCG),B3,conference,CAPES Sucupira 2025,2025
N/A,Canadian Conference on Electrical and Computer Engineering (CCECE),A2,conference,CAPES Sucupira 2025,2025
N/A,"IEEE/ACM International Symposium on Cluster, Cloud and Grid Computing (CCGRID)",A2,conference,CAPES Sucupira 2025,2025
N/A,Annual IEEE Consumer Communications & Networking Conference (CCNC),A2,conference,CAPES Sucupira 2025,2025
N/A,ACM Symposium on Computer and Communications Security (CCS),A1,conference,CAPES Sucupira 2025,2025
N/A,IEEE Conference on Decision and Control (CDC),A1,conference,CAPES Sucupira 2025,2025
N/A,IEEE Congress on Evolutionary Computation (CEC),A1,conference,CAPES Sucupira 2025,2025
N/A,ACM International Conference on Computing Frontiers (CF),A3,conference,CAPES Sucupira 2025,2025
N/A,Computer Graphics International Conference (CGI),B1,conference,CAPES Sucupira 2025,2025
N/A,International Symposium on Code Generation and Optimization (CGO),A2,conference,CAPES Sucupira 2025,2025
N/A,International Workshop on Cooperative and Human Aspects of Software Engineering (CHASE),A4,conference,CAPES Sucupira 2025,2025
N/A,ACM Conference on Human Factors in Computing Systems (CHI),A1,conference,CAPES Sucupira 2025,2025
N/A,ACM SIGCHI Annual Symposium on Computer-Human Interaction in Play (CHIPlay),A2,conference,CAPES Sucupira 2025,2025
N/A,International Conference on Algorithms and Complexity (CIAC),B4,conference,CAPES Sucupira 2025,2025
N/A,Iberoamerican Congress on Pattern Recognition (CIARP),A4,conference,CAPES Sucupira 2025,2025
N/A,IEEE Conference on Computational Intelligence in Bioinformatics and Computational Biology (CIBCB),A3,conference,CAPES Sucupira 2025,2025
N/A,Conferencia Iberoamericana de Software Engineering (CIbSE),B1,conference,CAPES Sucupira 2025,2025
N/A,International Conference on Intelligent Text Processing and Computational Linguistics (CICLING),B4,conference,CAPES Sucupira 2025,2025
N/A,Congresso Internacional de Design da Informação (CIDI),B4,conference,CAPES Sucupira 2025,2025
N/A,ACM International Conference on Information and Knowledge Management (CIKM),A1,conference,CAPES Sucupira 2025,2025
N/A,Iberian Latin American Congress on Computational Methods (CILAMCE),B4,conference,CAPES Sucupira 2025,2025
N/A,Iberian Conference on Information Systems and Technologies (CISTI),A3,conference,CAPES Sucupira 2025,2025
N/A,IEEE International Conference on Information Technology (CIT),A2,conference,CAPES Sucupira 2025,2025
N/A,Latin-Ibero-American Conference on Operations Research (CLAIO),B4,conference,CAPES Sucupira 2025,2025
N/A,Conference and Labs of the Evaluation Forum (CLEF),A4,conference,CAPES Sucupira 2025,2025
N/A,Conferencia Latinoamericana de Informática (CLEI),B2,conference,CAPES Sucupira 2025,2025
N/A,Latin American Conference on Human Computer Interaction (CLIHC),B3,conference,CAPES Sucupira 2025,2025
N/A,International Conference on Cloud Computing and Services Science (CLOSER),A3,conference,CAPES Sucupira 2025,2025
N/A,IEEE International Conference on Cloud Computing (CLOUD),A2,conference,CAPES Sucupira 2025,2025
N/A,IEEE International Conference on Cloud Computing Technology and Science (CLOUDCOM),B1,conference,CAPES Sucupira 2025,2025
N/A,IEEE International Conference on Cloud Networking (CLOUDNET),A4,conference,CAPES Sucupira 2025,2025
N/A,IEEE International Conference on Cluster Computing (CLUSTER),A3,conference,CAPES Sucupira 2025,2025
N/A,International Symposium on Computer Music Multidisciplinary Research (CMMR),B2,conference,CAPES Sucupira 2025,2025
N/A,Congress on Numerical Methods in Engineering (CMN),B4,conference,CAPES Sucupira 2025,2025
N/A,Congresso Nacional de Matemática Aplicada e Computacional (CNMAC),B4,conference,CAPES Sucupira 2025,2025
N/A,International Conference on Network and Service Management (CNSM),A3,conference,CAPES Sucupira 2025,2025
N/A,International Conference on Combinatorial Optimization and Applications (COCOA),B2,conference,CAPES Sucupira 2025,2025
N/A,International Computing and Combinatorics Conference (COCOON),B2,conference,CAPES Sucupira 2025,2025
N/A,Conference on Games (COG),A2,conference,CAPES Sucupira 2025,2025
N/A,International Conference on Computational Linguistics (COLING),A1,conference,CAPES Sucupira 2025,2025
N/A,Computational Methods in Systems and Software (CoMeSySo),A3,conference,CAPES Sucupira 2025,2025
N/A,International Conference on Complex Networks and Their Applications (COMPLEXNETWORKS),A4,conference,CAPES Sucupira 2025,2025
N/A,IEEE Computer Software and Applications Conference (COMPSAC),A2,conference,CAPES Sucupira 2025,2025
N/A,International Conference on Communication Systems & NetworkS (COMSNETS),A2,conference,CAPES Sucupira 2025,2025
N/A,Conference on Emerging Network Experiment and Technology (CONEXT),A1,conference,CAPES Sucupira 2025,2025
N/A,Conference on Natural Language Learning (CoNLL),A1,conference,CAPES Sucupira 2025,2025
N/A,International Conference on Information Systems and Technology Management (CONTECSI),B4,conference,CAPES Sucupira 2025,2025
N/A,International Conference on Cooperative Information Systems (COOPIS),B1,conference,CAPES Sucupira 2025,2025
N/A,Workshop of Urban Computing (COURB),B4,conference,CAPES Sucupira 2025,2025
N/A,"International Conference on Integration of Constraint Programming, Artificial Intelligence, and Operations Research (CPAIOR)",A4,conference,CAPES Sucupira 2025,2025
N/A,Congresso sobre Tecnologias na Educação (CRTL+E),B3,conference,CAPES Sucupira 2025,2025
N/A,ACM Conference on Computer Supported Cooperative Work & Social Computing (CSCW),A3,conference,CAPES Sucupira 2025,2025
N/A,IEEE International Conference on Computer Supported Cooperative Work in Design (CSCWD),A3,conference,CAPES Sucupira 2025,2025
N/A,International Conference on Computational Science and Engineering (CSE),B1,conference,CAPES Sucupira 2025,2025
N/A,International Conference on Computer Supported Education (CSEDU),A3,conference,CAPES Sucupira 2025,2025
N/A,IEEE Computer Security Foundations Symposium (CSF),A3,conference,CAPES Sucupira 2025,2025
N/A,Cyber Security in Networking Conference (CSNet),B1,conference,CAPES Sucupira 2025,2025
N/A,IEEE International Conference on Cyber Security and Resilience (CSR),B1,conference,CAPES Sucupira 2025,2025
N/A,IEEE Conference on Computer Vision and Pattern Recognition (CVPR),A1,conference,CAPES Sucupira 2025,2025
N/A,IEEE Conference on Computer Vision and Pattern Recognition Companion (CVPR-E),A3,conference,CAPES Sucupira 2025,2025
N/A,Design Automation Conference (DAC),A1,conference,CAPES Sucupira 2025,2025
N/A,International Symposium on Distributed Autonomous Robotic Systems (DARS),B3,conference,CAPES Sucupira 2025,2025
N/A,International Conference on Database Systems for Advanced Applications (DASFAA),A3,conference,CAPES Sucupira 2025,2025
N/A,"International Conference on Data Science, Technology and Applications (DATA)",A1,conference,CAPES Sucupira 2025,2025
N/A,"Design, Automation and Test in Europe Conference and Exhibition (DATE)",A1,conference,CAPES Sucupira 2025,2025
N/A,International Conference on Big Data Analytics and Knowledge Discovery (DAWAK),B1,conference,CAPES Sucupira 2025,2025
N/A,IFIP WG 11.3 Conference on Data and Applications Security and Privacy (DBSEC),A4,conference,CAPES Sucupira 2025,2025
N/A,International Conference on Distributed Computing in Sensor Systems (DCOSS),A2,conference,CAPES Sucupira 2025,2025
N/A,International Conference on Database and Expert Systems Applications (DEXA),A3,conference,CAPES Sucupira 2025,2025
N/A,IEEE International Symposium on Defect and Fault Tolerance in VLSI Systems (DFTVS),A3,conference,CAPES Sucupira 2025,2025
N/A,Discrete Geometry and Mathematical Morphology (DGMM),A4,conference,CAPES Sucupira 2025,2025
N/A,Annual International Conference on Digital Government Research (DGO),A2,conference,CAPES Sucupira 2025,2025
N/A,International Workshop on Description Logics (DL),A4,conference,CAPES Sucupira 2025,2025
N/A,International DMS Conference on Visualization and Visual Languages (DMSVIVA),B4,conference,CAPES Sucupira 2025,2025
N/A,ACM Symposium on Document Engineering (DOCENG),B1,conference,CAPES Sucupira 2025,2025
N/A,International Conference on the Design of Reliable Communication Networks (DRCN),B1,conference,CAPES Sucupira 2025,2025
N/A,IEEE/ACM International Symposium on Distributed Simulation and Real-Time Applications (DS-RT),B1,conference,CAPES Sucupira 2025,2025
N/A,IEEE International Conference on Data Science and Advanced Analytics (DSAA),A2,conference,CAPES Sucupira 2025,2025
N/A,International Conference on Software Development for Enhancing Accessibility and Fighting Info-exclusion (DSAI),B4,conference,CAPES Sucupira 2025,2025
N/A,"Euromicro Conference on Digital System Design, Architectures, Methods and Tools (DSD)",A3,conference,CAPES Sucupira 2025,2025
N/A,Annual IEEE/IFIP International Conference on Dependable Systems and Networks (DSN),A1,conference,CAPES Sucupira 2025,2025
N/A,Dataset Showcase Workshop (DSW),B4,conference,CAPES Sucupira 2025,2025
N/A,International Conference on Engineering Applications and Advances of Artificial Intelligence (EAAAI),A4,conference,CAPES Sucupira 2025,2025
N/A,Conference of the European Chapter of the Association for Computational Linguistics (EACL),A1,conference,CAPES Sucupira 2025,2025
N/A,IEEE International Conference on Evolving and Adaptive Intelligent Systems (EAIS),B3,conference,CAPES Sucupira 2025,2025
N/A,International Conference on Evaluation and Assessment in Software Engineering (EASE),A2,conference,CAPES Sucupira 2025,2025
N/A,Euro American Conference on Telematics and Information Systems (EATIS),B2,conference,CAPES Sucupira 2025,2025
N/A,European Conference on Technology Enhanced Learning (EC-TEL),A3,conference,CAPES Sucupira 2025,2025
N/A,European Conference on Artificial Intelligence (ECAI),A1,conference,CAPES Sucupira 2025,2025
N/A,European Control Conference (ECC),A2,conference,CAPES Sucupira 2025,2025
N/A,European Conference on Computer Vision (ECCV),A1,conference,CAPES Sucupira 2025,2025
N/A,European Conference on Information Systems (ECIS),A1,conference,CAPES Sucupira 2025,2025
N/A,European Conference on Machine Learning and Principles and Practice of Knowledge Discovery in Databases (ECML),A1,conference,CAPES Sucupira 2025,2025
N/A,European Conference on Mobile Robots (ECMR),A3,conference,CAPES Sucupira 2025,2025
N/A,European Conference on Object-Oriented Programming (ECOOP),A3,conference,CAPES Sucupira 2025,2025
N/A,European Conference on Software Architecture (ECSA),A3,conference,CAPES Sucupira 2025,2025
N/A,European Conference on Computer Supported Cooperative Work (ECSCW),A4,conference,CAPES Sucupira 2025,2025
N/A,European Conference on Symbolic and Quantitative Approaches to Reasoning and Uncertainty (ECSQARU),B1,conference,CAPES Sucupira 2025,2025
N/A,International Conference on Extending Database Technology (EDBT),A3,conference,CAPES Sucupira 2025,2025
N/A,European Dependable Computing Conference (EDCC),A4,conference,CAPES Sucupira 2025,2025
N/A,EEE International Conference on Edge Computing and Communications (EDGE),A4,conference,CAPES Sucupira 2025,2025
N/A,International Conference on Educational Data Mining (EDM),A2,conference,CAPES Sucupira 2025,2025
N/A,IEEE International Enterprise Distributed Object Computing Conference (EDOC),A3,conference,CAPES Sucupira 2025,2025
N/A,Simpósio Brasileiro de Educação em Computação (EDUCOMP),B1,conference,CAPES Sucupira 2025,2025
N/A,IEEE Global Engineering Education Conference (EDUCON),A2,conference,CAPES Sucupira 2025,2025
N/A,International Conference on Education and New Learning Technologies (EDULEARN),A3,conference,CAPES Sucupira 2025,2025
N/A,International Conference on Electronic Government (EGOV),A3,conference,CAPES Sucupira 2025,2025
N/A,International Conference on Electronic Government and the Information Systems Perspective (EGOVIS),B3,conference,CAPES Sucupira 2025,2025
N/A,International Workshop on Engineering Multiagent Systems (EMAS),B4,conference,CAPES Sucupira 2025,2025
N/A,Annual International Conference of the IEEE Engineering in Medicine and Biology Society (EMBC),A1,conference,CAPES Sucupira 2025,2025
N/A,IEEE-EMBS International Conference on Biomedical and Health Informatics (EMBS),A3,conference,CAPES Sucupira 2025,2025
N/A,International Conference on Evolutionary Multi-Criterion Optimization (EMO),A4,conference,CAPES Sucupira 2025,2025
N/A,Encontro Nacional da Associação Nacional de Pós-Graduação e Pesquisa em Administração (ENANPAD),B4,conference,CAPES Sucupira 2025,2025
N/A,International Conference on Evaluation of Novel Approaches to Software Engineering (ENASE),A4,conference,CAPES Sucupira 2025,2025
N/A,Encontro Nacional de Inteligencia Artificial e Computacional (ENIAC),A4,conference,CAPES Sucupira 2025,2025
N/A,Portuguese Conference on Artificial Intelligence (EPIA),A4,conference,CAPES Sucupira 2025,2025
N/A,International Conference on Conceptual Modeling (ER),A3,conference,CAPES Sucupira 2025,2025
N/A,European Symposium on Algorithms (ESA),A2,conference,CAPES Sucupira 2025,2025
N/A,"European Symposium on Artificial Neural Networks, Computational Intelligence and Machine Learning (ESANN)",A4,conference,CAPES Sucupira 2025,2025
N/A,IEEE International Conference on e-Science (ESCIENCE),A3,conference,CAPES Sucupira 2025,2025
N/A,ACM/IEEE International Symposium on Empirical Software Engineering and Measurement (ESEM),A2,conference,CAPES Sucupira 2025,2025
N/A,International Conference on Emerging Smart Technologies and Applications (ESMARTA),B2,conference,CAPES Sucupira 2025,2025
N/A,Encontro de Teoria da Computação (ETC),B4,conference,CAPES Sucupira 2025,2025
N/A,IEEE International Conference on Emerging Technologies and Factory Automation (ETFA),A2,conference,CAPES Sucupira 2025,2025
N/A,IEEE European Test Symposium (ETS),A4,conference,CAPES Sucupira 2025,2025
N/A,European Conference on Networks and Communications (EuCNC),A3,conference,CAPES Sucupira 2025,2025
N/A,European Conference on Operational Research (EURO),B4,conference,CAPES Sucupira 2025,2025
N/A,"European Conference on Combinatorics, Graph Theory and Applications (EUROCOMB)",B2,conference,CAPES Sucupira 2025,2025
N/A,European Conference on Parallel Computing (EUROPAR),A3,conference,CAPES Sucupira 2025,2025
N/A,European Conference on Pattern Languages of Programs (EuroPloP),B1,conference,CAPES Sucupira 2025,2025
N/A,European Conference on Software Process Improvement (EuroSPI),A4,conference,CAPES Sucupira 2025,2025
N/A,European Conference on Computer Systems (EUROSYS),A1,conference,CAPES Sucupira 2025,2025
N/A,Conference of the European Society for Fuzzy Logic and Technology (EUSFLAT),B2,conference,CAPES Sucupira 2025,2025
N/A,European Signal Processing Conference (EUSIPCO),A1,conference,CAPES Sucupira 2025,2025
N/A,European Workshop on Visual Information Processing (EUVIP),B1,conference,CAPES Sucupira 2025,2025
N/A,European Conference on the Applications of Evolutionary Computation (EVOAPPLICATIONS),A4,conference,CAPES Sucupira 2025,2025
N/A,European Conference on Evolutionary Computation in Combinatorial Optimization (EVOCOP),B3,conference,CAPES Sucupira 2025,2025
N/A,"ACM Conference on Fairness, Accountability, and Transparency (FACCT)",A1,conference,CAPES Sucupira 2025,2025
N/A,International Conference on Formal Aspects of Component Software (FACS),B2,conference,CAPES Sucupira 2025,2025
N/A,International Conference on Fundamental Approaches to Software Engineering (FASE),A3,conference,CAPES Sucupira 2025,2025
N/A,USENIX Conference on File and Storage Technologies (FAST),A1,conference,CAPES Sucupira 2025,2025
N/A,International Conference on Financial Cryptography and Data Security (FC),A1,conference,CAPES Sucupira 2025,2025
N/A,International Symposium on Fundamentals of Computation Theory (FCT),B4,conference,CAPES Sucupira 2025,2025
N/A,International Conference on Foundations of Digital Games (FDG),A2,conference,CAPES Sucupira 2025,2025
N/A,Federated Conference on Computer Science and Information Systems (FEDCSIS),A3,conference,CAPES Sucupira 2025,2025
N/A,IEEE International Conference on Automatic Face and Gesture Recognition (FGR),A1,conference,CAPES Sucupira 2025,2025
N/A,International Conference on Future Internet of Things and Cloud (FiCloud),B1,conference,CAPES Sucupira 2025,2025
N/A,IEEE Frontiers in Education Conference (FIE),A2,conference,CAPES Sucupira 2025,2025
N/A,International Conference on Forntiers of Information Technology (FIT),B1,conference,CAPES Sucupira 2025,2025
N/A,International Florida Artificial Intelligence Conference (FLAIRS),A4,conference,CAPES Sucupira 2025,2025
N/A,International Conference on Formal Methods in Computer-Aided Design (FMCAD),A3,conference,CAPES Sucupira 2025,2025
N/A,International Conference on Formal Ontology in Information Systems (FOIS),B4,conference,CAPES Sucupira 2025,2025
N/A,International Conference on Foundations of Software Science and Computation Structures (FOSSACS),A4,conference,CAPES Sucupira 2025,2025
N/A,International Conference on Formal Structures for Computation and Deduction (FSCD),A4,conference,CAPES Sucupira 2025,2025
N/A,Joint Meeting on European Software Engineering Conference and Foundations of Software Engineering (FSE/ESEC),A1,conference,CAPES Sucupira 2025,2025
N/A,International Conference on Fundamentals of Software Engineering (FSEN),B3,conference,CAPES Sucupira 2025,2025
N/A,Future Technologies Conference (FTC),A3,conference,CAPES Sucupira 2025,2025
N/A,International Conference on Information Fusion (FUSION),A3,conference,CAPES Sucupira 2025,2025
N/A,IEEE International Conference on Fuzzy Systems (FUZZ),A2,conference,CAPES Sucupira 2025,2025
N/A,International Workshop on Games and Software Engineering (GAS),B3,conference,CAPES Sucupira 2025,2025
N/A,Genetic and Evolutionary Computation Conference (GECCO),A1,conference,CAPES Sucupira 2025,2025
N/A,"International Conference on Economics of Grids, Clouds, Systems and Services (GECON)",B3,conference,CAPES Sucupira 2025,2025
N/A,"IEEE Games, Entertainment, Media Conference (GEM)",B3,conference,CAPES Sucupira 2025,2025
N/A,Brazilian Symposium on GeoInformatics (GEOINFO),B2,conference,CAPES Sucupira 2025,2025
N/A,"IARIA International Conference on Advanced Geographic Information Systems, Applications, and Services (GEOPROCESSING-IARIA)",B3,conference,CAPES Sucupira 2025,2025
N/A,Global Information Infrastructure and Networking Symposium (GIIS),B3,conference,CAPES Sucupira 2025,2025
N/A,IEEE Global Communications Conference (GLOBECOM),A1,conference,CAPES Sucupira 2025,2025
N/A,ACM International Conference on Generative Programming: Concepts and Experiences (GPCE),B1,conference,CAPES Sucupira 2025,2025
N/A,International Conference on Computer Graphics Theory and Applications (GRAPP),B1,conference,CAPES Sucupira 2025,2025
N/A,International Conference on Supporting Group Work (GROUP),A4,conference,CAPES Sucupira 2025,2025
N/A,International Conference on Hybrid Artificial Intelligence Systems (HAIS),B2,conference,CAPES Sucupira 2025,2025
N/A,International Conference on Human-Centered Software Engineering (HCSE),B4,conference,CAPES Sucupira 2025,2025
N/A,"IEEE International Conference on E-health Networking, Application & Services (HEALTHCOM)",A3,conference,CAPES Sucupira 2025,2025
N/A,International Conference on Health Informatics (HEALTHINF),A3,conference,CAPES Sucupira 2025,2025
N/A,Hawaii International Conference on System Sciences (HICSS),A1,conference,CAPES Sucupira 2025,2025
N/A,International Conference on Health Informatics and Medical Systems (HIMS),B4,conference,CAPES Sucupira 2025,2025
N/A,"IEEE International Conference on High Performance Computing, Data and Analytics (HIPC)",A4,conference,CAPES Sucupira 2025,2025
N/A,International Conference on Hybrid Intelligent Systems (HIS),A4,conference,CAPES Sucupira 2025,2025
N/A,International Conference on High Performance Computing & Simulation (HPCS),B1,conference,CAPES Sucupira 2025,2025
N/A,Haskell Symposium (HS),B3,conference,CAPES Sucupira 2025,2025
N/A,ACM Conference on Hypertext and Social Media (HT),A3,conference,CAPES Sucupira 2025,2025
N/A,IEEE RAS International Conference on Humanoid Robot (HUMANOIDS),A3,conference,CAPES Sucupira 2025,2025
N/A,IEEE International Instrumentation and Measurement Technology Conference (I2MTC),A3,conference,CAPES Sucupira 2025,2025
N/A,"IFIP International Conference on e-Business, e-Services, and e-Society (I3E)",A2,conference,CAPES Sucupira 2025,2025
N/A,Industry Applications Society Annual Meeting (IAS),B1,conference,CAPES Sucupira 2025,2025
N/A,Ibero-American Conference on Artificial Intelligence (IBERAMIA),B4,conference,CAPES Sucupira 2025,2025
N/A,Workshop Iberchip (IBERCHIP),B4,conference,CAPES Sucupira 2025,2025
N/A,Iberspeech Conference (IBERSPEECH),B4,conference,CAPES Sucupira 2025,2025
N/A,Iberian Conference on Pattern Recognition and Image Analysis (IBPRIA),B1,conference,CAPES Sucupira 2025,2025
N/A,IEEE International Conference on Cloud Engineering (IC2E),A4,conference,CAPES Sucupira 2025,2025
N/A,"International Joint Conference on Knowledge Discovery, Knowledge Engineering and Knowledge Management (IC3K)",B2,conference,CAPES Sucupira 2025,2025
N/A,International Conference on Agents and Artificial Intelligence (ICAART),A3,conference,CAPES Sucupira 2025,2025
N/A,International Conference on Applied Informatics (ICAI),B1,conference,CAPES Sucupira 2025,2025
N/A,International Conference on Artificial Intelligence and Soft Computing (ICAISC),A4,conference,CAPES Sucupira 2025,2025
N/A,International Conference on Artificial Intelligence (ICAIWC),A4,conference,CAPES Sucupira 2025,2025
N/A,"International Colloquium on Automata, Languages, and Programming (ICALP)",A2,conference,CAPES Sucupira 2025,2025
N/A,IEEE International Conference on Advanced Learning Technologies (ICALT),A3,conference,CAPES Sucupira 2025,2025
N/A,International Conference on Artificial Neural Networks (ICANN),A2,conference,CAPES Sucupira 2025,2025
N/A,International Conference on Automated Planning and Scheduling (ICAPS),A1,conference,CAPES Sucupira 2025,2025
N/A,International Conference on Advanced Robotics (ICAR),A3,conference,CAPES Sucupira 2025,2025
N/A,"International Conference on Control, Automation, Robotics and Vision (ICARCV)",B1,conference,CAPES Sucupira 2025,2025
N/A,"IEEE International Conference on Acoustics, Speech and Signal Processing (ICASSP)",A1,conference,CAPES Sucupira 2025,2025
N/A,International Conference on Biometrics (ICB),A2,conference,CAPES Sucupira 2025,2025
N/A,IEEE International Conference on Blockchain and Cryptocurrency (ICBC),A1,conference,CAPES Sucupira 2025,2025
N/A,IEEE International Conference on Communications (ICC),A1,conference,CAPES Sucupira 2025,2025
N/A,International Conference on Communications Companion (ICC-E),A3,conference,CAPES Sucupira 2025,2025
N/A,International Conference on Computational Advances in Bio and Medical Sciences (ICCABS),B1,conference,CAPES Sucupira 2025,2025
N/A,"International Conference on Control, Automation and Robotics (ICCAR)",A3,conference,CAPES Sucupira 2025,2025
N/A,International Conference on Computer Communications and Networks (ICCCN),A2,conference,CAPES Sucupira 2025,2025
N/A,International Conference on Computer Design (ICCD),A3,conference,CAPES Sucupira 2025,2025
N/A,International Conference on Computers in Education (ICCE-EDU),B1,conference,CAPES Sucupira 2025,2025
N/A,International Conference on Computers Helping People with Special Needs (ICCHP),B1,conference,CAPES Sucupira 2025,2025
N/A,International Conference on Computational Logistics (ICCL2),B2,conference,CAPES Sucupira 2025,2025
N/A,IEEE International Conference on Intelligent Computer Communication and Processing (ICCP),B1,conference,CAPES Sucupira 2025,2025
N/A,International Conference on Computational Science (ICCS),B4,conference,CAPES Sucupira 2025,2025
N/A,International Conference on Computational Science and Its Applications (ICCSA),A2,conference,CAPES Sucupira 2025,2025
N/A,IEEE International Conference on Computer Vision (ICCV),A1,conference,CAPES Sucupira 2025,2025
N/A,IEEE International Conference on Computer Vision Companion (ICCV-E),A3,conference,CAPES Sucupira 2025,2025
N/A,International Conference on Document Analysis and Recognition (ICDAR),A1,conference,CAPES Sucupira 2025,2025
N/A,International Conference on Distributed Computing Systems (ICDCS),A1,conference,CAPES Sucupira 2025,2025
N/A,IEEE International Conference on Data Engineering (ICDE),A1,conference,CAPES Sucupira 2025,2025
N/A,International Conference on Digital Image Processing (ICDIP),B2,conference,CAPES Sucupira 2025,2025
N/A,IEEE International Conference on Data Mining (ICDM),A1,conference,CAPES Sucupira 2025,2025
N/A,IFIP International Conference on Entertainment Computing (ICEC),A4,conference,CAPES Sucupira 2025,2025
N/A,"IEEE International Conference on Electronics, Circuits and Systems (ICECS)",A3,conference,CAPES Sucupira 2025,2025
N/A,International Conference on Theory and Practice of Eletronic Governance (ICEGOV),A4,conference,CAPES Sucupira 2025,2025
N/A,International Conference on Enterprise Information Systems (ICEIS),A3,conference,CAPES Sucupira 2025,2025
N/A,International Conference on Formal Concept Analysis (ICFCA),B4,conference,CAPES Sucupira 2025,2025
N/A,International Conference on Formal Engineering Methods (ICFEM),A4,conference,CAPES Sucupira 2025,2025
N/A,International Conference on Grammatical Inference (ICGI),B3,conference,CAPES Sucupira 2025,2025
N/A,"International Conference on Game Jams, Hackathons, and Game Creation Events (ICGJ)",B2,conference,CAPES Sucupira 2025,2025
N/A,IEEE International Conference on Healthcare Informatics (ICHI),A3,conference,CAPES Sucupira 2025,2025
N/A,International Conference on Image Analysis and Processing (ICIAP),A3,conference,CAPES Sucupira 2025,2025
N/A,International Conference on Image Analysis and Recognition (ICIAR),A4,conference,CAPES Sucupira 2025,2025
N/A,International Conference on Information and Communications Security (ICICS),A4,conference,CAPES Sucupira 2025,2025
N/A,"International Conference on Informatics in Control, Automation and Robotics (ICINCO)",B1,conference,CAPES Sucupira 2025,2025
N/A,International Conference on the Internet of Things (ICIOT),B1,conference,CAPES Sucupira 2025,2025
N/A,IEEE International Conference on Image Processing (ICIP),A1,conference,CAPES Sucupira 2025,2025
N/A,International Conference on Information Systems Security (ICISS),B4,conference,CAPES Sucupira 2025,2025
N/A,IEEE International Conference on Industrial Technology (ICIT),A2,conference,CAPES Sucupira 2025,2025
N/A,International Conference on Information Technology & Systems (ICIT&S),A4,conference,CAPES Sucupira 2025,2025
N/A,International Conference on Information Technology and Education (ICITE),A4,conference,CAPES Sucupira 2025,2025
N/A,International Conference on Information Theoretic Security (ICITS),B4,conference,CAPES Sucupira 2025,2025
N/A,"International Conference on Image, Vision and Computing (ICIVC)",A4,conference,CAPES Sucupira 2025,2025
N/A,IEEE International Conference on Knowledge Graph (ICKG),B2,conference,CAPES Sucupira 2025,2025
N/A,International Conference on Interactive Collaborative Learning (ICL),A4,conference,CAPES Sucupira 2025,2025
N/A,International Conference on Learning Representations (ICLR),A1,conference,CAPES Sucupira 2025,2025
N/A,International Computer Music Conference (ICMC),B2,conference,CAPES Sucupira 2025,2025
N/A,IEEE International Conference on Multimedia and Expo Companion (ICME-E),A3,conference,CAPES Sucupira 2025,2025
N/A,International Conference on Machine Learning (ICML),A1,conference,CAPES Sucupira 2025,2025
N/A,IEEE International Conference on Machine Learning and Applications (ICMLA),A1,conference,CAPES Sucupira 2025,2025
N/A,International Conference on Machine Learning and Computing (ICMLC),A4,conference,CAPES Sucupira 2025,2025
N/A,ACM International Conference on Multimedia Retrieval (ICMR),A2,conference,CAPES Sucupira 2025,2025
N/A,"International Conference on Computing, Networking and Communications (ICNC)",A2,conference,CAPES Sucupira 2025,2025
N/A,"IEEE International Conference on Networking, Sensing and Control (ICNSC)",A4,conference,CAPES Sucupira 2025,2025
N/A,International Conference on Information Networking (ICOIN),A3,conference,CAPES Sucupira 2025,2025
N/A,International Conference on Internet Computing and Internet of Things (ICOMP),B4,conference,CAPES Sucupira 2025,2025
N/A,International Conference on Neural Information Processing (ICONIP),A2,conference,CAPES Sucupira 2025,2025
N/A,International Conference on Parallel and Distributed Systems (ICPADS),A3,conference,CAPES Sucupira 2025,2025
N/A,International Conference on Program Comprehension (ICPC),A2,conference,CAPES Sucupira 2025,2025
N/A,International Conference on Performance Engineering (ICPE),A3,conference,CAPES Sucupira 2025,2025
N/A,International Conference on Parallel Processing (ICPP),A3,conference,CAPES Sucupira 2025,2025
N/A,International Conference on Pattern Recognition (ICPR),A1,conference,CAPES Sucupira 2025,2025
N/A,International Conference on Pattern Recognition Applications and Methods (ICPRAM),B3,conference,CAPES Sucupira 2025,2025
N/A,IEEE International Conference on Robotics and Automation (ICRA),A1,conference,CAPES Sucupira 2025,2025
N/A,International Conference on Robotics and Automation Engineering (ICRAE),B3,conference,CAPES Sucupira 2025,2025
N/A,International Conference on Supercomputing (ICS),A2,conference,CAPES Sucupira 2025,2025
N/A,International Conference on Software Architecture (ICSA),A2,conference,CAPES Sucupira 2025,2025
N/A,International Conference on Semantic Computing (ICSC),A3,conference,CAPES Sucupira 2025,2025
N/A,International Conference on Software Engineering (ICSE),A1,conference,CAPES Sucupira 2025,2025
N/A,International Conference on Software Engineering Companion (ICSE-E),A3,conference,CAPES Sucupira 2025,2025
N/A,ACM International Conference on Software Engineering: New Ideas and Emerging Results (ICSE-NIER),A3,conference,CAPES Sucupira 2025,2025
N/A,ACM International Conference on Software Engineering: Software Engineering Education and Training (ICSE-SEET),B1,conference,CAPES Sucupira 2025,2025
N/A,ACM International Conference on Software Engineering: Software Engineering in Practice (ICSE-SEIP),A1,conference,CAPES Sucupira 2025,2025
N/A,International Conference on Software Engineering: Software Engineering in Society (ICSE-SEIS),B1,conference,CAPES Sucupira 2025,2025
N/A,International Conference on Software Engineering and Service Science (ICSESS),A4,conference,CAPES Sucupira 2025,2025
N/A,International Conference on Swarm Intelligence (ICSI),B1,conference,CAPES Sucupira 2025,2025
N/A,IEEE International Conference on Software Maintenance and Evolution (ICSME),A2,conference,CAPES Sucupira 2025,2025
N/A,International Conference on Software Business (ICSOB),B1,conference,CAPES Sucupira 2025,2025
N/A,International Conference on Software Technologies (ICSOFT),B1,conference,CAPES Sucupira 2025,2025
N/A,International Conference on Software and Systems Process (ICSSP),B3,conference,CAPES Sucupira 2025,2025
N/A,"IEEE International Conference on Software Testing, Verification and Validation (ICSTV)",A2,conference,CAPES Sucupira 2025,2025
N/A,International Conference on Telecommunications (ICT),A4,conference,CAPES Sucupira 2025,2025
N/A,International Colloquium on Theoretical Aspects of Computing (ICTAC),B1,conference,CAPES Sucupira 2025,2025
N/A,IEEE International Conference on Tools with Artificial Intelligence (ICTAI),A2,conference,CAPES Sucupira 2025,2025
N/A,International Conference on Information & Communication Technologies and Development (ICTD),A3,conference,CAPES Sucupira 2025,2025
N/A,Conference on the Theory of Information Retrieval (ICTIR),A3,conference,CAPES Sucupira 2025,2025
N/A,International Conference on Transparent Optical Networks (ICTON),A4,conference,CAPES Sucupira 2025,2025
N/A,IFIP International Conference on Testing Software and Systems (ICTSS),A3,conference,CAPES Sucupira 2025,2025
N/A,International Conference on Unmanned Aircraft Systems (ICUAS),A2,conference,CAPES Sucupira 2025,2025
N/A,International Conference on Ultra Modern Telecommunications (ICUMT),A4,conference,CAPES Sucupira 2025,2025
N/A,International Conference on Wireless Networks (ICWN),A4,conference,CAPES Sucupira 2025,2025
N/A,International AAAI Conference on Web and Social Media (ICWSM),A1,conference,CAPES Sucupira 2025,2025
N/A,International Symposium on Intelligent Data Analysis (IDA),B1,conference,CAPES Sucupira 2025,2025
N/A,International Conference on Intelligent Data Engineering and Automated Learning (IDEAL),B1,conference,CAPES Sucupira 2025,2025
N/A,International Database Engineering and Applications Symposium (IDEAS),A3,conference,CAPES Sucupira 2025,2025
N/A,Annual Conference of the IEEE Industrial Electronics Society (IECON),A2,conference,CAPES Sucupira 2025,2025
N/A,IEEE International Conference on Imaging Systems and Techniques (IEEE IST),A4,conference,CAPES Sucupira 2025,2025
N/A,IEEE Cloud Summit (IEEECloudS),B2,conference,CAPES Sucupira 2025,2025
N/A,IEEE Conference on Nanotechnology (IEEENANO),B1,conference,CAPES Sucupira 2025,2025
N/A,IEEE International Conference on Services Computing (IEEESCC),A4,conference,CAPES Sucupira 2025,2025
N/A,IFIP International Embedded Systems Symposium (IESS),B4,conference,CAPES Sucupira 2025,2025
N/A,World Congress of the International Federation of Automatic Control (IFAC),A1,conference,CAPES Sucupira 2025,2025
N/A,World Congress of International Fuzzy Systems Association (IFSA),B3,conference,CAPES Sucupira 2025,2025
N/A,IEEE International Geoscience and Remote Sensing Symposium (IGARSS),A1,conference,CAPES Sucupira 2025,2025
N/A,Simpósio Brasileiro sobre Fatores Humanos em Sistemas Computacionais (IHC),A3,conference,CAPES Sucupira 2025,2025
N/A,"International Conference on Information, Intelligence, Systems and Applications (IISA)",A3,conference,CAPES Sucupira 2025,2025
N/A,IEEE International Symposium on Workload Characterization (IISWC),A3,conference,CAPES Sucupira 2025,2025
N/A,International Conference on Information Integration and Web-based Applications & Services (IIWAS),A3,conference,CAPES Sucupira 2025,2025
N/A,International Joint Conference on Artificial Intelligence (IJCAI),A1,conference,CAPES Sucupira 2025,2025
N/A,International Joint Conference on Automated Reasoning (IJCAR),A4,conference,CAPES Sucupira 2025,2025
N/A,International Joint Conference on Natural Language Processing (IJCNLP),A2,conference,CAPES Sucupira 2025,2025
N/A,IEEE International Joint Conference on Neural Networks (IJCNN),A1,conference,CAPES Sucupira 2025,2025
N/A,International Conference on Inductive Logic Programming (ILP),B3,conference,CAPES Sucupira 2025,2025
N/A,IFIP/IEEE International Symposium on Integrated Network Management (IM),A2,conference,CAPES Sucupira 2025,2025
N/A,International Symposium on Model-Based Safety and Assessment (IMBSA),B2,conference,CAPES Sucupira 2025,2025
N/A,ACM Internet Measurement Conference (IMC),A1,conference,CAPES Sucupira 2025,2025
N/A,SBMO/IEEE MTT-S International Microwave and Optoelectronics Conference (IMOC),B3,conference,CAPES Sucupira 2025,2025
N/A,IEEE International Conference on Industrial Informatics (INDIN),A3,conference,CAPES Sucupira 2025,2025
N/A,International Conference on Industry Applications (INDUSCON),B2,conference,CAPES Sucupira 2025,2025
N/A,IEEE International Conference on Computer Communications (INFOCOM),A1,conference,CAPES Sucupira 2025,2025
N/A,IEEE International Conference on Computer Communications Companion (INFOCOM-E),A3,conference,CAPES Sucupira 2025,2025
N/A,International Natural Language Generation conference (INLG),A2,conference,CAPES Sucupira 2025,2025
N/A,International Network Optimization Conference (INOC),B3,conference,CAPES Sucupira 2025,2025
N/A,"International Symposium on Instrumentation Systems, Circuits and Transducers (INSCIT)",B4,conference,CAPES Sucupira 2025,2025
N/A,SAI Intelligent Systems Conference (INTELLISYS),A3,conference,CAPES Sucupira 2025,2025
N/A,IFIP TC 13 International Conference on Human-Computer Interaction (INTERACT),A3,conference,CAPES Sucupira 2025,2025
N/A,Conference of the International Speech Communication Association (INTERSPEECH),A1,conference,CAPES Sucupira 2025,2025
N/A,IEEE International On-Line Testing Symposium (IOLTS),A4,conference,CAPES Sucupira 2025,2025
N/A,International Conference on Internet of Things and Big Data and Security (IoTBDS),B1,conference,CAPES Sucupira 2025,2025
N/A,International Provenance and Annotation Workshop (IPAW),B3,conference,CAPES Sucupira 2025,2025
N/A,Conference on Integer Programming and Combinatorial Optimization (IPCO),A3,conference,CAPES Sucupira 2025,2025
N/A,IEEE International Parallel & Distributed Processing Symposium (IPDPS),A1,conference,CAPES Sucupira 2025,2025
N/A,IEEE International Parallel & Distributed Processing Symposium Companion (IPDPS-E),A3,conference,CAPES Sucupira 2025,2025
N/A,International Symposium on Parameterized and Exact Computation (IPEC),A3,conference,CAPES Sucupira 2025,2025
N/A,International Conference on Information Processing and Management of Uncertainty (IPMU),B1,conference,CAPES Sucupira 2025,2025
N/A,International Conference on Image Processing Theory Tools and Applications (IPTA),A4,conference,CAPES Sucupira 2025,2025
N/A,IEEE International Conference on Robotic Computing (IRC),A3,conference,CAPES Sucupira 2025,2025
N/A,IEEE/RSJ International Conference on Intelligent Robots and Systems (IROS),A1,conference,CAPES Sucupira 2025,2025
N/A,International Symposium on Algorithms and Computation (ISAAC),A3,conference,CAPES Sucupira 2025,2025
N/A,International Symposium on Autonomous Decentralized Systems (ISADS),A4,conference,CAPES Sucupira 2025,2025
N/A,IEEE International Symposium on Biomedical Imaging (ISBI),A1,conference,CAPES Sucupira 2025,2025
N/A,International Symposium on Bioinformatics Research and Applications (ISBRA),B2,conference,CAPES Sucupira 2025,2025
N/A,International Conference on Information Security (ISC),B1,conference,CAPES Sucupira 2025,2025
N/A,IEEE International Smart Cities Conference (ISC2),A3,conference,CAPES Sucupira 2025,2025
N/A,IEEE International Symposium on Circuits and Systems (ISCAS),A1,conference,CAPES Sucupira 2025,2025
N/A,International Symposium on Computers and Communications (ISCC),A2,conference,CAPES Sucupira 2025,2025
N/A,International Symposium on Combinatorial Optimization (ISCO),B3,conference,CAPES Sucupira 2025,2025
N/A,International Conference on Information Systems for Crisis Response and Management (ISCRAM),A4,conference,CAPES Sucupira 2025,2025
N/A,Workshop Brasileiro de Engenharia de Software Inteligente (ISE),B4,conference,CAPES Sucupira 2025,2025
N/A,IEEE PES Innovative Smart Grid Technologies (ISGT),A2,conference,CAPES Sucupira 2025,2025
N/A,IEEE PES Innovative Smart Grid Technologies Conference Europe (ISGT-Europe),A3,conference,CAPES Sucupira 2025,2025
N/A,IEEE PES Innovative Smart Grid Technologies Latin America (ISGT-LA),A4,conference,CAPES Sucupira 2025,2025
N/A,IEEE International Symposium on Industrial Electronics (ISIE),A3,conference,CAPES Sucupira 2025,2025
N/A,International Symposium on Imprecise Probabilities: Theories and Applications (ISIPTA),B4,conference,CAPES Sucupira 2025,2025
N/A,Information Systems in Latin America (ISLA),B4,conference,CAPES Sucupira 2025,2025
N/A,IEEE International Symposium on Multimedia (ISM),A3,conference,CAPES Sucupira 2025,2025
N/A,IEEE International Symposium on Mixed and Augmented Reality (ISMAR),A1,conference,CAPES Sucupira 2025,2025
N/A,International Society for Music Information Retrieval Conference (ISMIR),A1,conference,CAPES Sucupira 2025,2025
N/A,"International Conference on Intelligent Systems, Metaheuristics & Swarm Intelligence (ISMSI)",B2,conference,CAPES Sucupira 2025,2025
N/A,IEEE International Symposium on Multiple-Valued Logic (ISMVL),B1,conference,CAPES Sucupira 2025,2025
N/A,International Symposium on Neural Networks (ISNN),B1,conference,CAPES Sucupira 2025,2025
N/A,IEEE International Symposium on RealTime Distributed Computing (ISORC),A4,conference,CAPES Sucupira 2025,2025
N/A,IEEE International Symposium on Performance Analysis of Systems and Software (ISPASS),A3,conference,CAPES Sucupira 2025,2025
N/A,International Symposium on Parallel and Distributed Computing (ISPDC),B1,conference,CAPES Sucupira 2025,2025
N/A,"ISPRS Annals of the Photogrammetry, Remote Sensing and Spatial Information Sciences (ISPRS)",A2,conference,CAPES Sucupira 2025,2025
N/A,International Symposium on Quality Electronic Design (ISQED),A3,conference,CAPES Sucupira 2025,2025
N/A,International Society of Scientometrics and Informetrics Conference (ISSI),A4,conference,CAPES Sucupira 2025,2025
N/A,IEEE International Symposium on Software Reliability Engineering (ISSRE),A2,conference,CAPES Sucupira 2025,2025
N/A,IEEE International Symposium on Software Reliability Engineering Companion (ISSRE-E),B1,conference,CAPES Sucupira 2025,2025
N/A,International Symposium on Software Testing and Analysis (ISSTA),A1,conference,CAPES Sucupira 2025,2025
N/A,International i*Workshop (ISTAR),B4,conference,CAPES Sucupira 2025,2025
N/A,International Symposium on Visual Computing (ISVC),A4,conference,CAPES Sucupira 2025,2025
N/A,IEEE Computer Society Annual Symposium on VLSI (ISVLSI),A3,conference,CAPES Sucupira 2025,2025
N/A,International Symposium on Wireless Communication Systems (ISWCS),A3,conference,CAPES Sucupira 2025,2025
N/A,International Test Conference (ITC),A4,conference,CAPES Sucupira 2025,2025
N/A,International Conference on Information Technology Based Higher Education and Training (ITHET),B2,conference,CAPES Sucupira 2025,2025
N/A,Joint Conference on Innovation and Technology in Computer Science Education (ITICSE),A1,conference,CAPES Sucupira 2025,2025
N/A,International Conference on Information Technology : New Generations (ITNG),A4,conference,CAPES Sucupira 2025,2025
N/A,International Conference on Interactive Theorem Proving (ITP),A3,conference,CAPES Sucupira 2025,2025
N/A,International Conference on Augmented Intelligence and Intelligent Tutoring Systems (ITS),A3,conference,CAPES Sucupira 2025,2025
N/A,IEEE International Conference on Intelligent Transportation Systems (ITSC),A1,conference,CAPES Sucupira 2025,2025
N/A,International Conference on Intelligent User Interfaces (IUI),A1,conference,CAPES Sucupira 2025,2025
N/A,International Conference on Information Visualization (IV),A4,conference,CAPES Sucupira 2025,2025
N/A,International Conference on Information Visualization Theory and Applications (IVAPP),A4,conference,CAPES Sucupira 2025,2025
N/A,IEEE Intelligent Vehicles Symposium (IVS),A1,conference,CAPES Sucupira 2025,2025
N/A,International Work-Conference on Artificial Neural Networks (IWANN),A4,conference,CAPES Sucupira 2025,2025
N/A,International Work-Conference on Bioinformatics and Biomedical Engineering (IWBBIO),A4,conference,CAPES Sucupira 2025,2025
N/A,International Wireless Communications and Mobile Computing Conference (IWCMC),A1,conference,CAPES Sucupira 2025,2025
N/A,International Workshop on Combinatorial Algorithms (IWOCA),B2,conference,CAPES Sucupira 2025,2025
N/A,International Workshop on Software Ecosystems (IWSECO),B3,conference,CAPES Sucupira 2025,2025
N/A,"International Conference on Systems, Signals and Image Processing (IWSSIP)",A3,conference,CAPES Sucupira 2025,2025
N/A,Iberoamerican Conference on Applications and Usability of Interactive TV (jAUTI),B4,conference,CAPES Sucupira 2025,2025
N/A,ACM/IEEE Joint Conference on Digital Libraries (JCDL),A3,conference,CAPES Sucupira 2025,2025
N/A,Workshop on Job Scheduling Strategies for Parallel Processing (JSSPP),B2,conference,CAPES Sucupira 2025,2025
N/A,International Conference on Legal Knowledge and Information Systems (JURIX),A4,conference,CAPES Sucupira 2025,2025
N/A,ACM SIGKDD Conference on Knowledge Discovery and Data Mining (KDD),A1,conference,CAPES Sucupira 2025,2025
N/A,"Symposium on Knowledge Discovery, Mining and Learning (KDMILE)",B2,conference,CAPES Sucupira 2025,2025
N/A,Workshop on Knowledge Engineering for Planning and Scheduling (KEPS),B4,conference,CAPES Sucupira 2025,2025
N/A,International Conference on Principles of Knowledge Representation and Reasoning (KR),A3,conference,CAPES Sucupira 2025,2025
N/A,ACM Conference on Learning @ Scale (L@S),A3,conference,CAPES Sucupira 2025,2025
N/A,Latin American Conference on Computational Intelligence (LA-CCI),B2,conference,CAPES Sucupira 2025,2025
N/A,Latin American Conference on Learning Technologies (LACLO),B1,conference,CAPES Sucupira 2025,2025
N/A,Latin-American Symposium on Dependable and Secure Computing (LADC),A4,conference,CAPES Sucupira 2025,2025
N/A,"Latin-American Algorithms, Graphs and Optimization Symposium (LAGOS)",B4,conference,CAPES Sucupira 2025,2025
N/A,International Learning Analytics and Knowledge Conference (LAK),A1,conference,CAPES Sucupira 2025,2025
N/A,Latin American Networking Conference (LANC),A3,conference,CAPES Sucupira 2025,2025
N/A,IEEE Latin American Robotics Symposium (LARS),A4,conference,CAPES Sucupira 2025,2025
N/A,IEEE Latin American Symposium on Circuits and Systems (LASCAS),A3,conference,CAPES Sucupira 2025,2025
N/A,Latin American Theoretical Informatics Symposium (LATIN),A3,conference,CAPES Sucupira 2025,2025
N/A,IEEE Latin-American Conference on Communications (LATINCOM),B1,conference,CAPES Sucupira 2025,2025
N/A,International Conference on Cryptology and Information Security in Latin America (LATINCRYPT),A4,conference,CAPES Sucupira 2025,2025
N/A,Congresso Latino-americano de Software Livre e Tecnologias Abertas (LATINOWARE),B4,conference,CAPES Sucupira 2025,2025
N/A,IEEE Latin American Test Symposium (LATS),B1,conference,CAPES Sucupira 2025,2025
N/A,Linguistic Annotation Workshop (LAW),B2,conference,CAPES Sucupira 2025,2025
N/A,IEEE Conference on Local Computer Networks (LCN),A3,conference,CAPES Sucupira 2025,2025
N/A,Workshop on Learning with Imbalanced Domains: Theory and Applications (LIDTA),B3,conference,CAPES Sucupira 2025,2025
N/A,International Conference on Language Resources and Evaluation (LREC),A1,conference,CAPES Sucupira 2025,2025
N/A,International Workshop on Multi-Agent Based Simulation (MABS),B3,conference,CAPES Sucupira 2025,2025
N/A,"International Symposium on the Modeling, Analysis, and Simulation of Computer and Telecommunication Systems (MASCOTS)",A4,conference,CAPES Sucupira 2025,2025
N/A,World Congress on Medical and Health Informatics (MEDINFO),A1,conference,CAPES Sucupira 2025,2025
N/A,IEEE International Symposium on Medical Measurements and Applications (MEMEA),A3,conference,CAPES Sucupira 2025,2025
N/A,International Symposium on Memory Systems (MEMSYS),A4,conference,CAPES Sucupira 2025,2025
N/A,International Symposium on Mathematical Foundations of Computer Science (MFCS),A3,conference,CAPES Sucupira 2025,2025
N/A,IEEE International Conference on Multisensor Fusion and Integration for Intelligent Systems (MFI),A4,conference,CAPES Sucupira 2025,2025
N/A,Metaheuristics International Conference (MIC),B3,conference,CAPES Sucupira 2025,2025
N/A,Mexican International Conference on Artificial Intelligence (MICAI),B1,conference,CAPES Sucupira 2025,2025
N/A,International Conference on Medical Image Computing and Computer Assisted Intervention (MICCAI),A1,conference,CAPES Sucupira 2025,2025
N/A,International Middleware Conference (MIDDLEWARE),A3,conference,CAPES Sucupira 2025,2025
N/A,Military Communications Conference (MILCOM),A3,conference,CAPES Sucupira 2025,2025
N/A,International Conference on Machine Learning and Data Mining in Pattern Recognition (MLDM),B4,conference,CAPES Sucupira 2025,2025
N/A,Conference on Machine Learning and Systems (MLS),A1,conference,CAPES Sucupira 2025,2025
N/A,IEEE International Workshop on Machine Learning for Signal Processing (MLSP),A3,conference,CAPES Sucupira 2025,2025
N/A,International Conference on Methods and Models in Automation and Robotics (MMAR),B2,conference,CAPES Sucupira 2025,2025
N/A,International Conference on Multimedia Modelling (MMM),A2,conference,CAPES Sucupira 2025,2025
N/A,International Workshop on Multimedia and Signal Processing (MMSP),A3,conference,CAPES Sucupira 2025,2025
N/A,ACM Multimedia Systems Conference (MMSYS),A2,conference,CAPES Sucupira 2025,2025
N/A,ACM/IEEE International Conference on Mobile Computing and Networking (MOBICOM),A1,conference,CAPES Sucupira 2025,2025
N/A,EAI International Conference on Wireless Mobile Communication and Healthcare (MOBIHEALTH),B3,conference,CAPES Sucupira 2025,2025
N/A,International Conference on Mobile Software Engineering and Systems (MOBILESOFT),B2,conference,CAPES Sucupira 2025,2025
N/A,"EAI International Conference on Mobile and Ubiquitous Systems: Computing, Networking and Services (MOBIQUITOUS)",A4,conference,CAPES Sucupira 2025,2025
N/A,"Annual International Conference on Mobile Systems, Applications, and Services (MobiSys)",A1,conference,CAPES Sucupira 2025,2025
N/A,ACM International Symposium on Mobility Management and Wireless Access (MOBIWAC),B3,conference,CAPES Sucupira 2025,2025
N/A,International Conference on Model Driven Engineering Languages and Systems (MODELS),A2,conference,CAPES Sucupira 2025,2025
N/A,International Conference on Model-Driven Engineering and Software Development (MODELSWARD),B1,conference,CAPES Sucupira 2025,2025
N/A,Working Conference on Mining Software Repositories (MSR),A1,conference,CAPES Sucupira 2025,2025
N/A,Workshop deModelagem e Simulação de Sistemas Intensivos em Software (MSSIS),B4,conference,CAPES Sucupira 2025,2025
N/A,"ACM International Conference on Modeling, Analysis and Simulation of Wireless and Mobile Systems (MSWIM)",A4,conference,CAPES Sucupira 2025,2025
N/A,International Conference on Metadata and Semantics Research (MTSR),B2,conference,CAPES Sucupira 2025,2025
N/A,International Midwest Symposium on Circuits and Systems (MWSCAS),A3,conference,CAPES Sucupira 2025,2025
N/A,North American Chapter of the Association for Computational Linguistics Annual Meeting (NAACL),A1,conference,CAPES Sucupira 2025,2025
N/A,IEEE International Symposium on Network Computing and Applications (NCA),A4,conference,CAPES Sucupira 2025,2025
N/A,IEEE Conference on Network Softwarization (NETSOFT),A2,conference,CAPES Sucupira 2025,2025
N/A,International Conference on Networked Systems (NetSys),B1,conference,CAPES Sucupira 2025,2025
N/A,IFIP Networking Conference (NETWORKING),A3,conference,CAPES Sucupira 2025,2025
N/A,Neural Information Processing Systems (NEURIPS),A1,conference,CAPES Sucupira 2025,2025
N/A,IEEE International New Circuits and Systems Conference (NEWCAS),B1,conference,CAPES Sucupira 2025,2025
N/A,IEEE Conference on Network Function Virtualization and Software Defined Networks (NFV-SDN),A4,conference,CAPES Sucupira 2025,2025
N/A,International Conference on New Interfaces for Musical Expression (NIME),A3,conference,CAPES Sucupira 2025,2025
N/A,International Conference on Application of Natural Language to Information Systems (NLDB),A4,conference,CAPES Sucupira 2025,2025
N/A,International Conference on Network of the Future (NOF),B2,conference,CAPES Sucupira 2025,2025
N/A,IEEE/IFIP Network Operations and Management Symposium (NOMS),A2,conference,CAPES Sucupira 2025,2025
N/A,Nordic Conference on Human-Computer Interaction (NORDICHI),A3,conference,CAPES Sucupira 2025,2025
N/A,"IFIP International Conference on New Technologies, Mobility and Security (NTMS)",A4,conference,CAPES Sucupira 2025,2025
N/A,IEEE Oceans Conference (OCEAN),B3,conference,CAPES Sucupira 2025,2025
N/A,International Workshop on Ontology Matching (OM),A4,conference,CAPES Sucupira 2025,2025
N/A,Conference on Optical Network Design and Modeling (ONDM),A4,conference,CAPES Sucupira 2025,2025
N/A,Seminar on Ontology Research in Brazil (ONTOBRAS),B2,conference,CAPES Sucupira 2025,2025
N/A,"Conference on Object-Oriented Programming Systems, Languages, and Applications (OOPSLA)",B3,conference,CAPES Sucupira 2025,2025
N/A,Workshop de Práticas de Ciência Aberta Para Engenharia de Software (OPENSCIENSE),B4,conference,CAPES Sucupira 2025,2025
N/A,International Symposium on Open Collaboration (OPENSYM),B1,conference,CAPES Sucupira 2025,2025
N/A,International Conference on Open Source Systems (OSS),B1,conference,CAPES Sucupira 2025,2025
N/A,Australian Conference on Human-Computer Interaction (OZCHI),A3,conference,CAPES Sucupira 2025,2025
N/A,"International Conference on Practical Applications of Agents, Multi-Agent Systems and Sustainability (PAAMS)",B1,conference,CAPES Sucupira 2025,2025
N/A,International Conference on Practical Applications of Computational Biology & Bioinformatics (PACBB),A4,conference,CAPES Sucupira 2025,2025
N/A,Pacific Asia Conference on Information Systems (PACIS),A3,conference,CAPES Sucupira 2025,2025
N/A,International Conference on Parallel Architectures and Compilation Techniques (PACTT),A3,conference,CAPES Sucupira 2025,2025
N/A,Pacific-Asia Conference on Knowledge Discovery and Data Mining (PAKDD),A2,conference,CAPES Sucupira 2025,2025
N/A,Passive and Active Network Measurement Conference (PAM),A3,conference,CAPES Sucupira 2025,2025
N/A,Picture Coding Symposium (PCS),A4,conference,CAPES Sucupira 2025,2025
N/A,"Euromicro International Conference on Parallel, Distributed and Network-Based Processing (PDP)",A3,conference,CAPES Sucupira 2025,2025
N/A,"ACM International Symposium on Performance Evaluation of Wireless Ad Hoc, Sensor, and Ubiquitous Networks (PE-WASUN)",B4,conference,CAPES Sucupira 2025,2025
N/A,International Conference on Pervasive Computing and Communications Companion (PERCOM-E),A3,conference,CAPES Sucupira 2025,2025
N/A,International Conference on Pervasive Computing Technologies for Healthcare (PERVASIVEHEALTH),A3,conference,CAPES Sucupira 2025,2025
N/A,ACM International Conference on PErvasive Technologies Related to Assistive Environments (PETRA),A3,conference,CAPES Sucupira 2025,2025
N/A,"International Symposium on Personal, Indoor and Mobile Radio Communications (PIMRC)",A2,conference,CAPES Sucupira 2025,2025
N/A,International Conference on Practice and Theory in Public Key Cryptography (PKC),A1,conference,CAPES Sucupira 2025,2025
N/A,Conference on Pattern Languages of Programs (PLOP),B1,conference,CAPES Sucupira 2025,2025
N/A,ACM Symposium on Principles of Distributed Computing (PODC),A2,conference,CAPES Sucupira 2025,2025
N/A,IFIP WG 8.1 Working Conference on the Practice of Enterprise Modelling (PoEM),B2,conference,CAPES Sucupira 2025,2025
N/A,International Conference on Parallel Processing and Applied Mathematics (PPAM),B2,conference,CAPES Sucupira 2025,2025
N/A,International Conference on Parallel Problem Solving from Nature (PPSN),A4,conference,CAPES Sucupira 2025,2025
N/A,Pacific Rim International Symposium on Dependable Computing (PRDC),A4,conference,CAPES Sucupira 2025,2025
N/A,nternational Conference on Principles and Practice of Multi-Agent Systems (PRIMA),B2,conference,CAPES Sucupira 2025,2025
N/A,International Conference on Product-Focused Software Process Improvement (PROFES),A3,conference,CAPES Sucupira 2025,2025
N/A,International Conference on Predictive Models and Data Analytics in Software Engineering (PROMISE),B1,conference,CAPES Sucupira 2025,2025
N/A,International Conference on Computational Processing of the Portuguese Language (PROPOR),A4,conference,CAPES Sucupira 2025,2025
N/A,"International Conference on Privacy, Security and Trust (PST)",A4,conference,CAPES Sucupira 2025,2025
N/A,International Workshop on Quality of Multimedia Experience (QoMEX),A3,conference,CAPES Sucupira 2025,2025
N/A,"IEEE International Conference on Software Quality, Reliability, and Security (QRS)",A3,conference,CAPES Sucupira 2025,2025
N/A,International Conference on Quality of Information and Communications Technology (QUATIC),B1,conference,CAPES Sucupira 2025,2025
N/A,International Conference on Recent Advances in Natural Language Processing (RANLP),A2,conference,CAPES Sucupira 2025,2025
N/A,International Conference on Research Challenges in Information Science (RCIS),A4,conference,CAPES Sucupira 2025,2025
N/A,IEEE International Requirements Engineering Conference (RE),A2,conference,CAPES Sucupira 2025,2025
N/A,ACM Conference on Recommender Systems (RECSYS),A1,conference,CAPES Sucupira 2025,2025
N/A,International Working Conference on Requirements Engineering: Foundations for Software Quality (REFSQ),A3,conference,CAPES Sucupira 2025,2025
N/A,IEEE International Symposium on Robot and Human Interactive Communication (RO-MAN),A2,conference,CAPES Sucupira 2025,2025
N/A,Robocup International Symposium (ROBOCUP),A4,conference,CAPES Sucupira 2025,2025
N/A,Iberian Robotics Conference (ROBOT),B1,conference,CAPES Sucupira 2025,2025
N/A,IEEE REAL-TIME AND EMBEDDED TECHNOLOGY AND APPLICATIONS SYMPOSIUM (RTAS),A2,conference,CAPES Sucupira 2025,2025
N/A,Real-Time Systems Symposium (RTSS),A3,conference,CAPES Sucupira 2025,2025
N/A,International Joint Conference on Rules and Reasoning (RuleML+RR),B1,conference,CAPES Sucupira 2025,2025
N/A,ACM Symposium on Applied Computing (SAC),A1,conference,CAPES Sucupira 2025,2025
N/A,IEEE International Symposium on Applied Computational Intelligence and Informatics (SACI),B1,conference,CAPES Sucupira 2025,2025
N/A,"International Conference on Embedded Computer Systems: Architectures, Modeling and Simulation (SAMOS)",B2,conference,CAPES Sucupira 2025,2025
N/A,"IEEE International Conference on Software Analysis, Evolution and Reengineering (SANER)",A1,conference,CAPES Sucupira 2025,2025
N/A,IEEE Sensors Applications Symposium (SAS),A3,conference,CAPES Sucupira 2025,2025
N/A,Brazilian Symposium on Systematic and Automated Software Testing (SAST),B1,conference,CAPES Sucupira 2025,2025
N/A,International Symposium on Computer Architecture and High Performance Computing (SBAC-PAD),A3,conference,CAPES Sucupira 2025,2025
N/A,Simpósio Brasileiro de Automação Inteligente (SBAI),B4,conference,CAPES Sucupira 2025,2025
N/A,Simpósio Brasileiro de Banco de Dados (SBBD),A4,conference,CAPES Sucupira 2025,2025
N/A,"Brazilian Symposium on Components, Architectures and Reuse Software (SBCARS)",B1,conference,CAPES Sucupira 2025,2025
N/A,Simpósio Brasileiro de Computação Aplicada à Saúde (SBCAS),A4,conference,CAPES Sucupira 2025,2025
N/A,Symposium on Integrated Circuits and Systems Design (SBCCI),A4,conference,CAPES Sucupira 2025,2025
N/A,Simpósio Brasileiro de Computação Musical (SBCM),A4,conference,CAPES Sucupira 2025,2025
N/A,Simpósio Brasileiro de Computação Ubíqua e Pervasiva (SBCUP),B4,conference,CAPES Sucupira 2025,2025
N/A,Brazilian Symposium on Software Engineering (SBES),A3,conference,CAPES Sucupira 2025,2025
N/A,Symposium on Computing Systems Engineering (SBESC),A4,conference,CAPES Sucupira 2025,2025
N/A,Simpósio Brasileiro de Jogos e Entretenimento Digital (SBGAMES),A4,conference,CAPES Sucupira 2025,2025
N/A,Simpósio Brasileiro de Jogos e Entretenimento Digital Companion (SBGAMES-E),B2,conference,CAPES Sucupira 2025,2025
N/A,Congresso Brasileiro de Agroinformática (SBIAGRO),B4,conference,CAPES Sucupira 2025,2025
N/A,Simpósio Brasileiro de Informática na Educação (SBIE),A3,conference,CAPES Sucupira 2025,2025
N/A,Brazilian Symposium on Programming Languages (SBLP),A4,conference,CAPES Sucupira 2025,2025
N/A,Brazilian Symposium on Formal Methods (SBMF),A4,conference,CAPES Sucupira 2025,2025
N/A,Symposium on Microelectronics Technology and Devices (SBMICRO),B3,conference,CAPES Sucupira 2025,2025
N/A,Simpósio Brasileiro de Pesquisa Operacional (SBPO),A4,conference,CAPES Sucupira 2025,2025
N/A,Simpósio Brasileiro de Qualidade de Software (SBQS),A3,conference,CAPES Sucupira 2025,2025
N/A,Simpósio Brasileiro de Redes de Computadores e Sistemas Distribuídos (SBRC),A4,conference,CAPES Sucupira 2025,2025
N/A,Simpósio Brasileiro de Telecomunicações e Processamento de Sinais (SBrT),B4,conference,CAPES Sucupira 2025,2025
N/A,Simpósio Brasileiro de Sistemas Colaborativos (SBSC),A4,conference,CAPES Sucupira 2025,2025
N/A,Simpósio Brasileiro de Sistemas Elétricos (SBSE),B4,conference,CAPES Sucupira 2025,2025
N/A,Simpósio Brasileiro de Segurança da Informação e de Sistemas Computacionais (SBSeg),A4,conference,CAPES Sucupira 2025,2025
N/A,Simpósio Brasileiro de Sistemas de Informação (SBSI),A4,conference,CAPES Sucupira 2025,2025
N/A,Simpósio Brasileiro de Sistemas de Informação Companion (SBSI-E),B3,conference,CAPES Sucupira 2025,2025
N/A,Simpósio Brasileiro de Sensoriamento Remoto (SBSR),B2,conference,CAPES Sucupira 2025,2025
N/A,"International Conference for High Performance Computing, Networking, Storage and Analysis (SC)",A1,conference,CAPES Sucupira 2025,2025
N/A,IEEE International Working Conference on Source Code Analysis and Manipulation (SCAM),A3,conference,CAPES Sucupira 2025,2025
N/A,International Conference of the Chilean Computer Science Society (SCCC),B1,conference,CAPES Sucupira 2025,2025
N/A,Symposium on Combinatorial Search (SCS),A3,conference,CAPES Sucupira 2025,2025
N/A,SIAM International Conference on Data Mining (SDM),A1,conference,CAPES Sucupira 2025,2025
N/A,International Conference on Software Defined Systems (SDS),A4,conference,CAPES Sucupira 2025,2025
N/A,Spatial Data Science Symposium (SDSS),B2,conference,CAPES Sucupira 2025,2025
N/A,International Symposium on Experimental Algorithms (SEA),B1,conference,CAPES Sucupira 2025,2025
N/A,Euromicro Conference on Software Engineering and Advanced Applications (SEAA),A3,conference,CAPES Sucupira 2025,2025
N/A,International Symposium on Software Engineering for Adaptive and Self-Managing Systems (SEAMS),A3,conference,CAPES Sucupira 2025,2025
N/A,International Conference on Security and Cryptography (SECRYPT),B2,conference,CAPES Sucupira 2025,2025
N/A,International Conference on Software Engineering and Formal Methods (SEFM),A3,conference,CAPES Sucupira 2025,2025
N/A,International Conference on Serious Games and Applications for Health (SEGAH),A3,conference,CAPES Sucupira 2025,2025
N/A,International Workshop on Software Engineering in Healthcare (SEH),B4,conference,CAPES Sucupira 2025,2025
N/A,International Conference on Software Engineering and Knowledge Engineering (SEKE),B1,conference,CAPES Sucupira 2025,2025
N/A,International Workshop on Semantic Evaluation (SEMEVAL),A1,conference,CAPES Sucupira 2025,2025
N/A,Seminário Integrado de Software e Hardware (SEMISH),A4,conference,CAPES Sucupira 2025,2025
N/A,CONFERENCE OF THE SPANISH SOCIETY FOR NATURAL LANGUAGE PROCESSING (SEPLN),B3,conference,CAPES Sucupira 2025,2025
N/A,IEEE/ACM International Workshop on Software Engineering Research and Industrial Practice (SER&IP),B3,conference,CAPES Sucupira 2025,2025
N/A,International Workshop on Software Engineering Research & Practices for the Internet of Things (SERP4IOT),B4,conference,CAPES Sucupira 2025,2025
N/A,International Workshop on Software Engineering for Systems-of-Systems and Software Ecosystems (SESoS),B2,conference,CAPES Sucupira 2025,2025
N/A,"Conference on Graphics, Patterns and Images (SIBGRAPI)",A3,conference,CAPES Sucupira 2025,2025
N/A,ACM Technical Symposium on Computer Science Education (SIGCSE),A1,conference,CAPES Sucupira 2025,2025
N/A,ACM International Conference on Design of Communication (SIGDOC),B2,conference,CAPES Sucupira 2025,2025
N/A,International Conference and Exibition on Computer Graphics and Interactive Techniques (SIGGRAPH),A3,conference,CAPES Sucupira 2025,2025
N/A,ACM International Conference on Computer Graphics & Interactive Techniques / Asia (SIGGRAPH Asia),A2,conference,CAPES Sucupira 2025,2025
N/A,International ACM SIGIR Conference on Research and Development in Information Retrieval (SIGIR),A1,conference,CAPES Sucupira 2025,2025
N/A,International Conference on Measurement and Modeling of Computer Systems (SIGMETRICS),A1,conference,CAPES Sucupira 2025,2025
N/A,ACM SIGSPATIAL International Conference on Advances in Geographic Information Systems (SIGSPATIAL),A3,conference,CAPES Sucupira 2025,2025
N/A,Simpósio Internacional de Informática Educatica (SIIE),B2,conference,CAPES Sucupira 2025,2025
N/A,Annual International Symposium on Information Management and Big Data (SIMBIG),B3,conference,CAPES Sucupira 2025,2025
N/A,"International Conference on Simulation and Modeling Methodologies, Technologies and Applications (SIMULTECH)",B2,conference,CAPES Sucupira 2025,2025
N/A,EAI International Conference on Simulation Tools and Techniques (SIMUTOOLS),B2,conference,CAPES Sucupira 2025,2025
N/A,International Symposium on Medical Information Processing and Analysis (SIPAIM),B2,conference,CAPES Sucupira 2025,2025
N/A,International Conference on Similarity Search and Applications (SISAP),B2,conference,CAPES Sucupira 2025,2025
N/A,"Symposium on Languages, Applications and Technologies (SLATE)",B3,conference,CAPES Sucupira 2025,2025
N/A,International Conference on Smart Computing (SMARTCOMP),A3,conference,CAPES Sucupira 2025,2025
N/A,IEEE International Conference on Smart Grid Communications (SMARTGRIDCOMM),A2,conference,CAPES Sucupira 2025,2025
N/A,"IEEE International Conference on Systems, Man and Cybernetics (SMC)",A1,conference,CAPES Sucupira 2025,2025
N/A,International Conference on Social Informatics (SOCINFO),B3,conference,CAPES Sucupira 2025,2025
N/A,ACM-SIAM Symposium on Discrete Algorithms (SODA),A1,conference,CAPES Sucupira 2025,2025
N/A,International Conference on Current Trends in Theory and Practice of Computer Science (SOFSEM),B4,conference,CAPES Sucupira 2025,2025
N/A,"International Conference on Software, Telecommunications and Computer Networks (SOFTCOM)",A4,conference,CAPES Sucupira 2025,2025
N/A,Siam Symposium on Simplicity in Algorithms (SOSA),A4,conference,CAPES Sucupira 2025,2025
N/A,IEEE Annual System of Systems Engineering Conference (SOSEC),A4,conference,CAPES Sucupira 2025,2025
N/A,Symposium on Software Defined Networking Research (SOSR),B4,conference,CAPES Sucupira 2025,2025
N/A,ACM SIGSPATIAL International Workshop on Spatial Gems (SPATIALGEMS),B4,conference,CAPES Sucupira 2025,2025
N/A,Proceedings of SPIE--The International Society for Optical Engineering (SPIE),A3,conference,CAPES Sucupira 2025,2025
N/A,Medical Imaging: Image Processing (SPIEMI),A3,conference,CAPES Sucupira 2025,2025
N/A,International Symposium on String Processing and Information Retrieval (SPIRE),B1,conference,CAPES Sucupira 2025,2025
N/A,International Software Product Line Conference (SPLC),A2,conference,CAPES Sucupira 2025,2025
N/A,International Conference on Smart and Sustainable Technologies (SPLITECH),A4,conference,CAPES Sucupira 2025,2025
N/A,IEEE Symposium on Reliable Distributed Systems (SRDS),A3,conference,CAPES Sucupira 2025,2025
N/A,Simpósio em Sistemas Computacionais de Alto Desempenho (SSCAD),A4,conference,CAPES Sucupira 2025,2025
N/A,IEEE Symposium Series on Computational Intelligence (SSCI),A2,conference,CAPES Sucupira 2025,2025
N/A,International Conference on Scientific and Statistical Database Management (SSDBM),A3,conference,CAPES Sucupira 2025,2025
N/A,IEEE International Conference on Software Services Engineering (SSE),A4,conference,CAPES Sucupira 2025,2025
N/A,Southwest Symposium on Image Analysis and Interpretation (SSIAI),B2,conference,CAPES Sucupira 2025,2025
N/A,Brazilian Symposium in Information and Human Language Technology (STIL),B1,conference,CAPES Sucupira 2025,2025
N/A,ACM Symposium on Theory of Computing (STOC),A1,conference,CAPES Sucupira 2025,2025
N/A,Symposium on Virtual and Augmented Reality (SVR),A3,conference,CAPES Sucupira 2025,2025
N/A,Conference Software Quality Days (SWQD),A4,conference,CAPES Sucupira 2025,2025
N/A,IEEE International Systems Conference (SYSCON),A4,conference,CAPES Sucupira 2025,2025
N/A,International Conference on Automated Reasoning with Analytic Tableaux and Related Methods (TABLEAUX),B2,conference,CAPES Sucupira 2025,2025
N/A,International Conference on Tools and Algorithms for the Construction and Analysis of Systems (TACAS),A1,conference,CAPES Sucupira 2025,2025
N/A,Theoretical Aspects of Software Engineering (TASE),B1,conference,CAPES Sucupira 2025,2025
N/A,International Conference on Technical Debt (TECHDEBT),A3,conference,CAPES Sucupira 2025,2025
N/A,Technological Ecosystems for Enhancing Multiculturality (TEEM),A3,conference,CAPES Sucupira 2025,2025
N/A,Congreso Internacional de Informática Educativa (TISE),B4,conference,CAPES Sucupira 2025,2025
N/A,The Network Traffic Measurement and Analysis Conference (TMA),A4,conference,CAPES Sucupira 2025,2025
N/A,International Workshop on Trust in Agent societies (TRUST),B4,conference,CAPES Sucupira 2025,2025
N/A,"International Conference on Trust, Security and Privacy in Computing and Communications (TRUSTCOM)",A2,conference,CAPES Sucupira 2025,2025
N/A,"International Conference on Text, Speech and Dialogue (TSD)",A3,conference,CAPES Sucupira 2025,2025
N/A,Workshop de Música Ubíqua (UBIMUS),B4,conference,CAPES Sucupira 2025,2025
N/A,IEEE/ACM International Conference on Utility and Cloud Computing (UCC),A3,conference,CAPES Sucupira 2025,2025
N/A,"ACM Conference on User Modeling, Adaptation and Personalization (UMAP)",A2,conference,CAPES Sucupira 2025,2025
N/A,International Workshop on Unification (UNIF),B4,conference,CAPES Sucupira 2025,2025
N/A,Congresso Internacional de Ergonomia e Usabilidade de Interfaces Humano Computador (USIHC),B4,conference,CAPES Sucupira 2025,2025
N/A,International Workshop on Variability Modelling of Software-intensive Systems (VAMOS),A3,conference,CAPES Sucupira 2025,2025
N/A,IEEE International Conference on Visual Communications and Image Processing (VCIP),A4,conference,CAPES Sucupira 2025,2025
N/A,"Workshop on Software Visualization, Evolution and Maintenance (VEM)",B3,conference,CAPES Sucupira 2025,2025
N/A,Conference on Videogame Sciences and Arts (VIDEOJOGOS),B4,conference,CAPES Sucupira 2025,2025
N/A,International Conference on Computer Vision Theory and Applications (VISAPP),A2,conference,CAPES Sucupira 2025,2025
N/A,"Conference on Computer Vision, Imaging and Computer Graphics Theory and Applications (VISIGRAPP)",B2,conference,CAPES Sucupira 2025,2025
N/A,IEEE Working Conference on Software Visualization (VISSOFT),B2,conference,CAPES Sucupira 2025,2025
N/A,IEEE Symposium on Visual Languages and Human-Centric Computing (VLHCC),A4,conference,CAPES Sucupira 2025,2025
N/A,IEEE/IFIP International Conference on VLSI and System-on-Chip (VLSI-SOC),A3,conference,CAPES Sucupira 2025,2025
N/A,IEEE Vehicular Networking Conference (VNC),A4,conference,CAPES Sucupira 2025,2025
N/A,IEEE Conference Virtual Reality and 3D User Interfaces (VR),A1,conference,CAPES Sucupira 2025,2025
N/A,ACM Symposium on Virtual Reality Software and Technology (VRST),A2,conference,CAPES Sucupira 2025,2025
N/A,Vehicular Technology Conference (VTC),A1,conference,CAPES Sucupira 2025,2025
N/A,IEEE VLSI Test Symposium (VTS),A4,conference,CAPES Sucupira 2025,2025
N/A,Conference on Web Accessibility (W4A),A4,conference,CAPES Sucupira 2025,2025
N/A,Workshop on Algorithms in Bioinformatics (WABI),A3,conference,CAPES Sucupira 2025,2025
N/A,Web Audio Conference (WAC),B3,conference,CAPES Sucupira 2025,2025
N/A,Workshop on Applications of Computer Vision (WACV),A1,conference,CAPES Sucupira 2025,2025
N/A,Workshop sobre Aspectos da Interação Humano-Computador para a Web Social (WAIHCWS),B3,conference,CAPES Sucupira 2025,2025
N/A,International Workshop on Algorithms and Computation (WALCOM),B2,conference,CAPES Sucupira 2025,2025
N/A,Workshop on Approximation and Online Algorithms (WAOA),B3,conference,CAPES Sucupira 2025,2025
N/A,"Workshop sobre Aspectos Sociais, Humanos e Econômicos de Software (WASHES)",B2,conference,CAPES Sucupira 2025,2025
N/A,"Workshop on Computational Approaches to Subjectivity, Sentiment and Social Media Analysis (WASSA)",A4,conference,CAPES Sucupira 2025,2025
N/A,Workshop on Advanced Virtual Environments and Education (WAVE),B4,conference,CAPES Sucupira 2025,2025
N/A,Workshop Brasileiro de Cidades Inteligentes (WBCI),B4,conference,CAPES Sucupira 2025,2025
N/A,Workshop Brasileiro de Lógica (WBL),B4,conference,CAPES Sucupira 2025,2025
N/A,"Workshop em Blockchain: Teoria, Tecnologias e Aplicações (WBLOCKCHAIN)",B4,conference,CAPES Sucupira 2025,2025
N/A,Workshop Brasileiro de Métodos Ágeis (WBMA),B4,conference,CAPES Sucupira 2025,2025
N/A,Workshop de Computação Aplicada à Gestão do Meio Ambiente e Recursos Naturais (WCAMA),B4,conference,CAPES Sucupira 2025,2025
N/A,Workshop on Circuits and Systems Design (WCAS),B4,conference,CAPES Sucupira 2025,2025
N/A,Workshop de Computação Aplicada ao Governo Eletrônico (WCGE),B4,conference,CAPES Sucupira 2025,2025
N/A,IEEE Wireless Communications and Networking Conference (WCNC),A2,conference,CAPES Sucupira 2025,2025
N/A,Workshop on Communication Networks and Power Systems (WCNPS),B2,conference,CAPES Sucupira 2025,2025
N/A,Wireless Days Conference (WD),A4,conference,CAPES Sucupira 2025,2025
N/A,International Conference on 3D Web Technology (WEB3D),A4,conference,CAPES Sucupira 2025,2025
N/A,International Web for All Conference (WEB4ALL),A3,conference,CAPES Sucupira 2025,2025
N/A,International Conference on Web Information Systems and Technologies (WEBIST),A4,conference,CAPES Sucupira 2025,2025
N/A,Brazilian Symposium on Multimedia and the Web (WEBMEDIA),A3,conference,CAPES Sucupira 2025,2025
N/A,ACM Web Science Conference (WEBSCI),A2,conference,CAPES Sucupira 2025,2025
N/A,Workshop sobre Educação em Computação (WEI),A4,conference,CAPES Sucupira 2025,2025
N/A,Workshop sobre Educação em IHC (WEIHC),B4,conference,CAPES Sucupira 2025,2025
N/A,Workshop on Requirements Engineering (WER),B2,conference,CAPES Sucupira 2025,2025
N/A,IEEE International Conference on Enabling Technologies: Infrastructure for Collaborative Enterprises (WETICE),A4,conference,CAPES Sucupira 2025,2025
N/A,IEEE World Forum on Internet of Things (WF-IoT),A2,conference,CAPES Sucupira 2025,2025
N/A,IEEE World Conference on Factory Communication Systems (WFCS),A4,conference,CAPES Sucupira 2025,2025
N/A,Workshop do testbed FIBRE (WFIBRE),B4,conference,CAPES Sucupira 2025,2025
N/A,International Workshop on Graph-Theoretic Concepts in Computer Science (WG),A3,conference,CAPES Sucupira 2025,2025
N/A,Workshop de Gerência e Operação de Redes e Serviços (WGRS),B4,conference,CAPES Sucupira 2025,2025
N/A,IEEE/WIC/ACM International Conference on Web Intelligence and Intelligent Agent Technology (WI-IAT),A2,conference,CAPES Sucupira 2025,2025
N/A,Workshop sobre as Implicações da Computação na Sociedade (WICS),B3,conference,CAPES Sucupira 2025,2025
N/A,"Workshop de informação, dados e tecnologia (WIDAT)",B4,conference,CAPES Sucupira 2025,2025
N/A,Workshop on Interactions with Human Experiences (WIDE),B4,conference,CAPES Sucupira 2025,2025
N/A,Workshop de Informática na Escola (WIE),A4,conference,CAPES Sucupira 2025,2025
N/A,IEEE Workshop on Information Forensics and Security (WIFS),A3,conference,CAPES Sucupira 2025,2025
N/A,"IEEE International Conference on Wireless and Mobile Computing, Networking and Communications (WIMOB)",A3,conference,CAPES Sucupira 2025,2025
N/A,Workshop sobre Interação e Pesquisa de Usuários no Desenvolvimento de Jogos (WIPLAY),B4,conference,CAPES Sucupira 2025,2025
N/A,International Conference on Web Information Systems Engineering (WISE),A3,conference,CAPES Sucupira 2025,2025
N/A,Women in Information Technology (WIT),B1,conference,CAPES Sucupira 2025,2025
N/A,Joint IFIP Wireless and Mobile Networking Conference (WMNC),B4,conference,CAPES Sucupira 2025,2025
N/A,Wireless and Optical Communications Conference (WOCC),A4,conference,CAPES Sucupira 2025,2025
N/A,"International Workshop on Logic, Language, Information and Computation (WOLLIC)",B1,conference,CAPES Sucupira 2025,2025
N/A,Wireless On-demand Network systems and Services Conference (WONS),B3,conference,CAPES Sucupira 2025,2025
N/A,Workshop on Workflows in Support of Large-Scale Science (WORKS),B3,conference,CAPES Sucupira 2025,2025
N/A,World Conference on Information Systems and Technologies (WorldCIST),A2,conference,CAPES Sucupira 2025,2025
N/A,"World Conference on Smart Trends in Systems, Security and Sustainability (WORLDS4)",A3,conference,CAPES Sucupira 2025,2025
N/A,International Workshop on Mining Scientific Publications (WOSP),B3,conference,CAPES Sucupira 2025,2025
N/A,Workshop de Pesquisa Experimental da Internet do Futuro (WPEIF),B4,conference,CAPES Sucupira 2025,2025
N/A,Workshop em Desempenho de Sistemas Computacionais e de Comunicação (WPERFORMANCE),B4,conference,CAPES Sucupira 2025,2025
N/A,Annual ACM workshop on Privacy in the electronic society (WPES),A4,conference,CAPES Sucupira 2025,2025
N/A,Winter Simulation Conference (WSC),A3,conference,CAPES Sucupira 2025,2025
N/A,Workshop de Testes e Tolerância a Falhas (WTF),B4,conference,CAPES Sucupira 2025,2025
N/A,Workshop de Visão Computacional (WVC),B3,conference,CAPES Sucupira 2025,2025
N/A,The ACM Web Conference (WWW),A1,conference,CAPES Sucupira 2025,2025
N/A,International Conference on Agile Software Development (XP),A3,conference,CAPES Sucupira 2025,2025
